,p1,p2,p3,p4,p5,p6,p7,p8,p9,p10,p11,p12,p13
AA,0.2309350726485313,0.19450560907661973,0.09272780953011583,-1.2134624759519745,-2.1674958644279965,-2.434348880679414,-2.1439842684550428,-1.8540470314389275,-1.8374508368604605,-2.079312725967773,-0.3707296101312618,0.12836157387271552,0.1969729002438232
AT,0.3961565246737262,0.2760627562726423,0.5836975995932132,-0.552365274132602,-0.4117312904866761,-2.4275940913576655,-2.3401736449345787,0.0,0.0,0.0,-0.9668079768383606,-0.07941481264023142,0.264722521542911
AC,-0.0903747407002502,0.1532813093965757,0.1924269557041658,-0.8691872289010831,-0.9990232209982377,-2.4180134568764764,-2.363498997203118,-2.3667334195931975,-1.9533922160534445,-1.533306355898481,-1.327002416945275,0.2785554990437209,0.20717531487136753
AG,0.20020028357971675,0.03341064866863608,0.3184827201703868,-1.516884349915375,-1.8972712076112455,-2.4792580171636693,-2.464251118626162,-2.247448218807535,-2.326799994242217,-2.079853560857665,-0.8691881796430554,-0.061637802572096945,0.00628024730294463
AI,0.20935648686234387,0.005473877042735609,0.10121070689282607,-1.6831538594878106,-1.8787669100848072,-2.5840123297583073,-2.3923596231056425,-2.362087029586159,-1.850242838676058,-2.061291097208348,-0.44355917439406944,-0.1426127249389948,0.28994108383407635
Ag,-0.25796097739556956,-0.12468634805048584,-0.19990971679343073,-1.5427588155482832,-1.8435955746505517,-2.4973665360287676,-2.496963882377168,-2.146231292960227,-2.378901756154649,-2.2044639553796976,-1.9234325888767358,-0.10981315276712689,0.2798838917196882
Aa,0.0059857917434182895,-0.0489505143283262,-0.04910930640714284,-1.5371008737675833,-1.9861360287705239,-2.484994685853568,-2.4420948751281912,-1.9552185665551551,-1.9905110208117236,-1.7614330199282033,-0.47962555581423594,0.20318361855330913,0.46614744662053553
AM,0.13521239774602378,-0.03337408345313797,0.18046589107626154,-1.115325812792051,-1.6910445208027234,-2.672453574254048,-2.4459929498151833,-2.334176396936572,-2.3374760662062,-2.0751823158631133,-0.6747220427422089,0.09097909947732141,0.2697748142012557
TA,0.21500750353163411,0.0,0.031859078511899064,-1.314892091230507,-2.42936998256444,-2.4839347323419156,-2.377462110555294,-2.2586921121500225,-0.3487500219056683,-1.9390899704810742,0.0,0.22390963159543098,0.0
TT,-0.007731924013902436,0.28033900518561516,-0.2574752328786083,-1.8146562620892084,-1.8368182906858026,-2.509738874706856,-2.288326359497831,-1.8399265542628571,-1.2866317087426369,-0.8306806593111116,-0.8133779916013744,0.15998593902813507,0.2602369528898887
TC,0.06534775993053099,-0.06847855402155645,-0.42017801043637526,-1.7318110674620755,-1.306387120869788,-2.2990706075613474,-2.3035548601707108,-2.288680181180241,-2.319966091698115,-1.3918388006588893,-1.8169287393915248,0.199830883694883,0.23050243743593946
TG,0.06580287339645707,-0.09043501682066601,-0.540747340840305,-1.4099463623150275,-2.258291277523842,-2.5015878275633696,-2.4198532633706202,-2.538082543665907,-2.1526439213834347,-1.7410634288590598,-0.8054616510570272,0.1849843861058602,-0.06450463395381778
TI,-0.06793273683558532,-0.12034930112983311,-0.40471605276896927,-1.4149354888500412,-2.156748250988622,-2.419699053159473,-2.597764059160056,-2.336269624234326,-2.077712763140452,-1.3933463385813312,-0.8039006523623984,-0.1809468541638406,0.35199326127304253
Tg,-0.0818606073175907,-0.1365696933566154,-0.7220704516242398,-1.7602576704636164,-2.2596971643464503,-2.390503695834159,-2.4868210849950367,-2.351832918483594,-2.3233277812450215,-2.1453142954898556,-1.7410142846946135,0.009769059808673042,0.3029952550768833
Ta,-0.011344516364768076,0.1682556185681845,-0.11297047531537174,-1.3459083416328337,-2.318262998455343,-2.5637555762967654,-2.315438129524244,-2.3531925336832185,-1.3248747347523704,-1.8711450564863163,0.1398439939834608,-0.08307545189893784,0.4532087696759035
TM,0.15587290216675864,-0.022327560405996927,-0.1256466624673669,-1.2548003110605919,-2.0265900487227277,-2.6165388217247845,-2.5894765404627798,-2.441410851171957,-1.3230440327380455,-2.05108151550254,-0.19744005956857347,-0.12818171186823157,0.11080010543264773
CA,0.01585825487995951,-0.07246520026003989,-0.10269342344194676,-0.8388573480963428,-0.13962936221170796,-2.5013650582011984,-2.3600421284263042,-2.14962438569861,-1.5525008176800625,-1.822544903891668,-0.35992460564329765,0.27631963280135885,0.41953247066485844
CT,0.2051211471617922,0.03213190366289975,-0.10362291022231496,-0.8626134304942834,0.9719873351372783,-2.6863974514302527,-2.383887491568947,-0.5428132538901167,-0.47484342105440724,-1.3988517966339593,-1.5731098905692704,0.1725001633306782,-0.02644907927157636
CC,-0.016395633682043886,0.22264107028692237,-0.2201413701827457,-0.9624698337289015,-0.2779917083058958,-2.3809651078974765,-2.416267086700379,-2.37259502071728,-2.349798658085101,-1.1597501504673886,-1.7956837369906795,0.19813272333347953,0.4940412028260077
CG,0.17229285741227418,-0.15576590673517376,-0.17533191541517823,0.0,0.0,-2.4494951138678696,-2.592531539783568,-2.5477541257634186,-1.711495131627542,-1.182294930353578,-0.07468897760749726,-0.02618759672059845,0.11388041268757387
CI,-0.009098163352074806,0.21304716227729337,0.12909995317744904,-0.011239675822184658,0.1246844006500325,-2.4916002412228284,-2.536229216668886,-2.2797979087026903,-0.9226925104950512,-1.7999387579334414,0.18984109376538782,-0.17063359068055384,-0.15569800701476488
Cg,-0.19576074990665582,-0.012076690457117678,-0.28633896616064547,-0.2725945027748642,-0.5431600365912086,-2.4629192436404876,-2.539554383987678,-2.366990825243559,-2.366302306029178,-2.288847489195856,-1.4988715588472115,0.009067677286580533,0.27914649333667363
Ca,0.019796846122396516,0.17414612513495342,-0.46940666068089865,-0.5985552881871286,-0.6496768784485791,-2.682989715178852,-2.418614392633076,-2.254655927061446,-1.9587116898141668,-2.079928943424333,-0.7548452572017297,0.2819173452322268,0.3920351410819425
CM,-0.19710728726112947,0.10241004843097112,-0.1651169142922404,-0.650520546716022,-0.8453836119796225,-2.585665540083374,-2.5967709353086157,-2.3265591964995984,-1.4959019852496382,-2.238901469048172,-0.5325208152409591,0.19544011293234576,0.23492855063052787
GA,0.06968511167992641,0.15720583367003016,-0.007630751578600048,-1.709716696139905,-2.218398964649822,-0.03646728183386916,1.0535191625275733,-1.7429086990391607,-2.1063880750726174,-2.022445302584612,-0.40233920253457356,0.28921184970258196,0.40608915541345425
GT,0.08570176905192728,0.2617155252581451,0.11172338775773838,-0.29866671764767094,-1.5486248693092861,-0.23406932999302477,0.27269251854449905,-2.025906228479455,-1.0004159704256494,-0.15774209691100616,-1.2551079144412238,0.1148220009366474,0.22284963649411793
GC,0.0,0.28603504333242213,0.0,-0.3461615097150945,-1.7500011081316487,0.0,0.0,-2.3603824758395113,-2.339116300645826,0.1984990870586163,-0.7744427750324654,0.0,0.10807166424395387
GG,0.13605821856245104,0.24157076480165252,-0.02900967423763312,-1.016886649380619,-1.0130348882694307,0.5920728909357127,-1.9414812801071992,-2.3256980849462394,-2.324724201354762,-1.6349547941622724,-1.412243556656784,0.061812089556132044,0.27077341010899403
GI,0.12522324649826366,0.3640184827240578,-0.12108626375542642,-0.8835140852460199,-1.594107597726028,0.4320773567647276,-1.7488482034047586,-2.153640581424428,-2.422654442900315,-1.1067709215122328,-1.3698138493895646,-0.05255111922404776,-0.005454357503724694
Gg,-0.21519652345827023,-0.18000582863848535,-0.27782075480068613,-1.1724390907332403,-2.2779404764296265,-0.9046584744061352,-0.7018710389096032,-2.252479183625261,-2.416320875089614,-2.3178096055002353,-1.8331826770600301,-0.07356377467124275,0.45881090510897415
Ga,-0.00367675901390907,-0.03632251575558865,0.1984990870586163,-1.2818536569770602,-2.444817014244526,-0.4634473577996152,0.6849221833360488,-2.048590002925466,-1.9836991160023736,-1.9148761499083031,-0.3938623462303781,0.15410397642431573,0.6288697421124816
GM,-0.3052565741359219,0.13273654537329005,0.0980122523000011,-1.2554751502410655,-2.250641208019612,-1.244074798578799,-0.27879267386115636,-2.458311681635335,-2.4070912536291864,-1.8305499063267305,-0.8151463700390558,0.045207908533932084,0.456940534829938
IA,-0.022414082416507775,0.3749410992812834,0.10486996608059407,-1.304064236468439,-2.2487113645310153,-0.38667877772901793,0.9311529679192727,-1.7418343894149535,-2.2554364411932664,-1.9121484490119496,-0.6498448945450388,0.22279380227545786,0.28482314172557643
IT,0.1722461022350661,0.3033311533444145,0.4328815404694115,-0.4677824100136725,-1.4151357755982712,-1.2714165858736255,0.7669750645272035,-1.8158399297160281,-1.201412123772947,-0.5216154317671542,-0.8136120374890572,-0.09762638999585427,-0.009632656650731874
IC,0.24590207611546155,0.271648134607668,0.33383327841672816,-0.4933130993890389,-1.2771235303238715,-0.19101670082568667,-0.13380532716167703,-2.210748057069903,-2.356256970668931,-0.32569167627124784,-0.9972311389857671,0.05092057938355321,0.0811640478739859
IG,-0.0040854433650237,0.1457497502102001,0.1593188124109579,-0.212816593863554,-0.9832111383261699,-0.8699177620811227,-2.0981596165263117,-2.451310525919009,-2.0200590836885457,-1.5953650468067142,-1.0973024345032751,0.05027826614526543,-0.02188374646003588
II,0.08015429774456706,0.2986308190767808,0.3159964329137246,-0.37625596226168767,-1.5350067378442827,-0.25219884333454967,-1.9218336909952036,-2.41020629629039,-2.3809181859513258,-1.511806147839895,-0.9502538078711478,-0.04788502178248688,-0.07245998022961064
Ig,-0.04965827479108409,-0.08589626684893759,-0.15897374574599255,-0.7885458425905885,-1.7655419595156996,-1.3203145477507086,-0.7259761267994129,-2.2651823954258123,-2.2510165317566795,-2.369603951807541,-1.8413837054776234,-0.1946198332287139,0.30179697771557024
Ia,0.04569953987291342,0.1660048547618791,0.3169309367694506,-1.4813570457387844,-2.2719811199575233,-0.16845805791549218,1.1935883017741613,-1.7443795243905598,-1.803792388072658,-2.044413318811574,-0.09594533937026739,0.2610954072860512,0.2835307795154076
IM,0.02201547025694861,0.015654934766848427,0.07798973038120671,-1.2402664412408413,-2.149127227885282,-1.4756400467422113,-0.2686402566313797,-2.369588082699437,-2.3396208087557255,-2.0533950001570425,-1.130966954472866,0.29253094598668916,0.18537928515642754
gA,-0.052217948237531786,-0.04780977550879584,-0.9815686610661238,-1.5880049446559905,-2.4783113489224533,-2.45095459341203,-1.479853043989963,-1.9956673189003107,-2.1719979817507395,-2.162490706823781,-0.8124713906280938,-0.011037710773399212,0.19230596610686312
gT,-0.06699624094368595,-0.051005099918066676,-0.94789931790997,-1.3108001903022934,-2.0193800282338064,-2.465057250869811,-1.7088138673042526,-1.8259943074851002,-1.7131994063902125,-1.4703994569755565,-1.5192900708992632,0.04547534401651987,0.15262700484678238
gC,-0.09738984923128857,-0.06456743188093839,-0.9728619068522057,-1.132998366961906,-2.0893697196066867,-2.150782290596795,-1.9933169479859068,-2.4699745555667185,-2.248848812039517,-0.8000657350400386,-1.6951619258409272,-0.020737950376455316,0.09413426117237833
gG,-0.11063192587611592,-0.17925201138866953,-1.1444602089325997,-1.3001424114954272,-2.2026762305404075,-2.3590628742725652,-2.497491440818113,-2.4181243677435837,-2.255170306843848,-1.9910132645198866,-1.4303139822990492,-0.029319552955823447,0.1625379356289507
gI,-0.1887245166357383,-0.06544504530112327,-1.2248711346015142,-1.442969266363539,-2.14121416918937,-2.5671501631859357,-2.5174393100521293,-2.4761843334894893,-2.293042967385512,-1.7636248674907673,-1.4437385964957006,0.24409622468722425,0.16098960537470752
gg,-0.4062697749987638,-0.4681639270938778,-1.3663969862304706,-1.6787714245311118,-2.2164212889044137,-2.4454176170616755,-2.41137439903874,-2.3703457963050933,-2.383835599702783,-2.2278257118541234,-2.0480177310060803,-0.12897900720598443,0.2714701129113628
ga,-0.2133046836613861,-0.1878367679572186,-1.0695412929674992,-1.8005533415554957,-2.4564547504437773,-2.3045106690822212,-1.733966872661342,-2.2876603126546167,-2.220393159131808,-1.931547821319409,-0.5211307244579846,0.14285888438714167,0.24731966955994444
gM,-0.2442002838266797,0.06751145048053075,-0.9368545839620381,-1.517358675502913,-2.3307438447744424,-2.5240936836583696,-2.3802581159674405,-2.411901340289834,-2.2893455513265426,-2.1239029468706025,-1.1235328807087868,-0.06961419143486847,0.07428324053444335
aA,0.05603840514065528,0.059938208573161234,-0.05477924296135228,-0.9663782677967987,-0.9674914610430552,-2.4628891873702665,-1.9282379359151065,-1.9442488364956532,-1.9384351334553518,-2.108072021769937,-0.3997738500934478,0.202955042500216,0.11638835886879928
aT,-0.0007485127825521687,0.27304953759662176,0.04782783680540348,-0.09178334974119462,0.5729630010350757,-2.617787270609538,-2.510427923278982,-0.2180980640576049,-0.0051152764708071174,-0.14662087194429496,-0.8558440902111073,0.10258682707543798,0.06443543415469577
aC,-0.023852453335539536,0.13013533902183827,0.19883709688867945,-0.2963675456392796,-0.020894872146610233,-2.2950423020972233,-2.206997206577335,-2.2895876817810725,-2.3722715919550694,-1.1862323621435227,-1.7693322092219335,-0.012007034366547487,0.3308945645798147
aG,0.15237181031337776,-0.25839405217699873,0.0346273036611775,-0.5171464770618437,-0.19484548146843395,-2.3192295721749545,-2.4823575997736587,-2.4311172386683975,-1.9055615325256436,-1.422408503160601,-1.3918532146986848,-0.04274398178299865,0.08636513385748046
aI,0.1357613862714473,-0.14625720574334355,0.03525606246823276,-1.1238097481467353,-1.0745598725761099,-2.359304212086137,-2.5399077177116833,-2.3427815822243536,-2.105604349206276,-1.76388173863943,-0.41328788058636157,-0.0553124161966565,0.22055673136168608
ag,-0.11371192846551192,-0.1916077642842886,-0.3687746351986627,-0.9252177757692763,-0.7924028096447602,-2.391433463937661,-2.4731431719157166,-2.396283456496846,-2.241361432203618,-2.2878387931804536,-1.9524714447698415,-0.0658088267281638,0.21553048210133063
aa,-0.16281661202222786,-0.012616752839530676,-0.23862359693415414,-1.048363795791154,-1.036517222102706,-2.5217211502461474,-2.1733459135341793,-2.113101331595188,-2.2960273413617394,-2.071587656387681,-0.7172345927406063,0.2741888475508407,0.4064439738835297
aM,0.15237181031337776,-0.03473660347590446,-0.5261663037353506,-0.8399109236886524,-0.5606869960661331,-2.5327169498301663,-2.552181077872566,-2.4186436084129594,-2.2011630385667296,-2.175426858141683,-0.7090299344313351,0.35007614889684824,0.2579378338642311
MA,0.13452554905440106,0.05416560291501682,-0.41459100131419735,-1.7596671574571312,-2.6469956704093107,-2.603799817942593,-2.1122540672641463,-1.830045749934289,-1.8183478180431951,-1.947677300374231,-0.2572542095424204,0.466902596097464,0.24259043061380403
MT,0.26616786149588556,0.16828834265964776,0.08993184613050875,-1.0971658505425843,-0.9818873978553819,-2.618915493344266,-2.2470239800842045,-1.3068528103059753,-0.0875236896229552,-0.2434234238078119,-0.9027822742089429,0.08768126743457749,0.09043610906909638
MC,0.02408995119700208,-0.0892004045395609,-0.2315524572944696,-1.503246430642843,-2.02674366612386,-2.554833210890912,-2.2020857694460343,-2.2599145069348854,-2.2334958895883528,-1.5150700921035885,-1.2912262725749457,0.15075068050407125,0.2334664066424903
MG,-0.006505335805016443,-0.18155607101150384,-0.04226052631865329,-1.5051030410140918,-2.077212393371589,-2.384111602659198,-2.5099212237574973,-2.4984616391714063,-2.06010938011668,-2.14092695982894,-0.5992564233187299,-0.1067203276646902,0.3041670850290874
MI,0.04065678817680407,0.02096579239166818,-0.051619752450363876,-1.7340633067524136,-2.290002860627615,-2.392264016997676,-2.612583897917953,-2.133054335229941,-2.05544447283693,-2.2214171461157015,-0.22144183860194921,0.00567011675861373,0.24082467308517508
Mg,-0.016141963072366927,-0.34336293138565566,-0.517910801765912,-1.6318603727534047,-2.204545908230906,-2.422723576975798,-2.4873034098960574,-2.1779164591871956,-2.3335921516714384,-2.310590579980489,-1.700780975260571,-0.17302588474547065,0.25413277553927216
Ma,-0.10342769655177086,-0.033047835603622566,-0.41798564849941755,-1.7445230750387033,-2.3081446974741153,-2.4973802393616538,-2.246540409706557,-1.894583963910467,-2.1217554062128556,-1.9541203619674228,-0.6809064924817534,0.07683932134530558,0.6140533769307854
MM,-0.08732347015017883,-0.07310665592188936,-0.13235224759839692,-1.4184578400785162,-2.208336810860761,-2.4027613120769544,-2.5077515944709186,-2.246393111532596,-2.1082488328627127,-2.186142472237959,-0.8013399749771315,0.3465364992354427,0.3173860502353776
AX,0.022739534721180732,0.598912964157039,1.9943726606910843,-1.6238964198556882,-2.0653912830528114,-2.5961292496750676,-2.859916461763097,-2.5825658418824258,-1.9598020654538466,-1.4789779212173961,-1.7320497427639658,0.021281549610773,-0.2556412189349899
AU,0.7180950359865523,1.3533679897247097,0.3176589334660864,-1.1024287628144513,-1.5828845926227046,-2.6948244631640694,-2.794520679742046,-1.5705960881129144,-2.2422593899480505,-0.6598521670056385,-1.7983516984728602,0.08696388223043705,0.19778449387406383
AD,0.9010059485001722,0.087664834317561,-0.26517766206043625,-2.0478487091430964,-1.99123849541221,-2.621614920721669,-2.7899638258511814,-2.0381449361205703,-2.473317273518113,-0.7363191864528229,-2.3169656832736862,0.20303794240671635,0.9005671785432732
TX,-0.0916272704967831,-0.8289330958397336,-0.9679858860305472,-2.2390122848030956,-1.8375514101912724,-2.5420073799688954,-2.772057449569539,-2.7765091860681785,-2.303301518840742,-1.88041142131833,-2.1069654517896517,0.5536058350486037,0.8884598772222532
TU,-0.21028868374378185,-0.31089710084017064,-0.5718704318679269,-2.2193417992558118,-2.3610955184757128,-2.709814311774215,-2.3099756684148502,-2.2536672399046456,-2.3417275547729126,-2.0202468070432893,-1.8022633127739667,1.3844598401543884,1.0600764788199815
TD,0.4777943730272032,0.32469934965520864,-1.1435394608978378,-1.9427305361345244,-2.682688072022593,-2.9448157059887663,-2.5334979363851406,-2.5464260039229814,-2.5110040385956616,-2.127679769692268,-2.290541898284875,-0.776529867142127,1.1007800171502442
CX,-0.05847401580146716,0.03743565410780825,-0.15544772350808778,-1.258855883946275,-0.25241651681833766,-2.576637111951843,-2.6042611236063635,-2.8523538988180785,-2.4123998003290605,-1.063033659754689,-1.8772327245284348,0.18489631558550634,0.47961154502467274
CU,0.44667760362799847,-0.5658590101936394,-0.02366254656105582,-0.5022084009946743,-0.31785824034610677,-2.5020668030776534,-2.889036095075003,-1.9240343313628578,-2.3221779425126794,-2.3241794015392188,-2.2838334086280536,0.2958164618708796,0.33699017305781176
CD,0.9463099102088748,0.7518889251000758,-0.702630169109721,-0.4634076647859846,-1.4932021593922133,-2.782999587590732,-2.7522992118186096,-2.968376095757394,-2.446676909214551,-2.186416693393163,-2.5127386907799405,-0.27505572158465164,0.6609120152144854
GX,0.511182241615808,0.2254568132680994,0.6631803802942784,-0.31080334523985265,-1.5200040380112618,0.15231490002465264,-1.2084771542835835,-2.5912301187930096,-2.3489559961756417,0.5735106583892655,-1.8579094243104066,-0.09544737361207467,0.3075983679768264
GU,0.19676230657949745,1.21059508545817,0.4561940925272072,-1.0910679175304265,-2.449923943729779,-0.8849001111706354,0.31933694962975956,-2.2143389664890005,-2.379030261924809,-1.511666226239953,-2.0759067592431055,0.2521236031706291,1.8715369741575962
GD,0.7366220324053199,1.1877275742663596,-0.7376612917051872,-1.6850131865217435,-2.6032155544505287,-1.014385614118412,-0.4393107947108881,-2.6783422117813895,-2.7409186047052003,-1.62200148591009,-2.508291717655217,-0.2169584664241011,0.5781182529565445
XA,0.7749691170414224,0.06950562650156833,-1.044504132539359,-2.2283844794281027,-2.9151811825492313,-2.5212793659651176,-2.615977376262043,-2.2742842021448926,-1.7707116809546601,-2.2540355932079326,-1.0450637451100757,0.29760451450234804,1.3419216685145638
XT,0.5218378458037307,-0.324401849955974,-0.8224907132829049,-1.5621821453721836,-1.8738530299985001,-2.6314885167920625,-2.7751566399997714,-2.2532113686784534,-1.2778314806833384,-2.165878710493974,-1.6946361420788687,0.3479522884016504,2.1202381553884404
XC,-0.2020065419519863,-0.4829721387041044,-0.8715202555233503,-2.0733307825019427,-2.0758270576807245,-2.4840269536939132,-2.628581353942451,-2.6630556793467655,-2.6083671870270386,-1.9224830855515016,-2.160311970192044,0.06627434357857354,1.8646910030619601
XG,0.19051636907316016,0.44946679059559,-0.5869172045848732,-0.8543111079714674,-2.4216192006704436,-2.779794331628379,-2.9335038053083764,-2.735295665165946,-2.295855849292291,-1.9256536195919285,0.16598564794696102,-0.15147785396787938,1.3936168729106893
XX,0.3056369402896397,-0.10702841557481868,-0.9906682501574586,-1.8886161801714199,-1.9015793696887489,-2.661327221729115,-2.5957195371464863,-2.6631883332848165,-2.386332154389809,-1.3475703987778989,-2.0343143279963467,1.4907376454236214,0.34921595352234824
XU,0.7648797658313455,0.8477985719576857,-0.6130468654790011,-1.5515440135709806,-2.5139583065574787,-2.5949514358435337,-2.8692317034184978,-2.2086936641204247,-2.261139970061242,-2.5030041100729292,-1.948494806007199,1.3417473444327879,0.3809377557485156
XD,0.3353922132879834,0.8781925753013784,-1.1162706950258254,-1.8290790400490575,-2.409737975779322,-2.5055246621136007,-2.7340178402887876,-2.585949463986866,-2.624542122910926,-2.0716351077976656,-2.509715164300964,-0.08222290085872608,0.81944340107081
UA,0.5373574086640343,0.30781439235272323,0.12061169715372166,-0.07189530960076773,1.7609768454430306,-2.5542922387155524,-3.0524881383618165,-2.5156108682225486,-0.40755912941785155,-2.063980588429539,0.9874221085298345,0.23303686001949409,1.6093736180592142
UT,0.002192206656427942,0.510509946610858,0.03253705515032834,-1.9034669863886986,0.8184864219293697,-2.7901337812201987,-2.4281237227909775,-2.0931294436509553,-2.132115454536139,-1.0129568818661667,-1.553135578800191,0.7316567006062034,0.26140213937480183
UC,0.2287392306508007,-0.1371938181200143,-0.41918447951966264,-2.1984722316938186,0.7805932193129497,-2.6474363321543457,-2.4830470520336636,-2.485306120223827,-2.453698433890853,-2.1555910415835253,-2.0712415910271407,1.2973016562998012,0.5142459345590211
UG,1.1220487131200176,-0.40426914003235126,-1.2966518880131535,-0.36661836336942955,-2.0652831303595445,-2.57992002531466,-2.7562849226380575,-2.4972260482900666,-2.528045752566264,-2.2740090108482427,-1.6594913933586923,0.9556231492333414,0.5369267421029864
UX,0.14697824559277528,0.39624748772769536,0.08335971879463955,-1.5049673200805653,0.7854775215882093,-2.9528616218027306,-2.653966655912887,-2.523615964325238,-1.7087822990614976,-1.6713492316009226,-1.9345573816019996,-0.05403184510288739,0.43572405649846147
UU,0.34056758269124465,-0.3992547514364251,-0.5410835537066703,-1.3430411058625467,-0.9253729108716477,-2.540155430957155,-2.7785204048875958,-2.4595874027923745,-2.5307863278190172,-2.053610916578368,-1.457751311727824,0.27652077111673634,0.42559956319609427
UD,0.4590053863215662,-0.061544781091493306,-0.33983797642788005,-1.7109403030616566,-1.482856728921524,-2.7039401284262503,-2.784148370581148,-2.5624876578987053,-2.770216614922832,-2.313627046410703,-2.1475841203455275,-0.5651791132299611,0.2077091172437573
DA,0.1676979744994842,0.3032496917495422,-1.507085283404864,-2.275163187165891,-2.4210431646047326,-2.478712101745783,-2.796827943474474,-2.4100548496913916,-1.7155351295525278,-2.0301816066185854,-1.0930652610369815,1.2538663024182917,0.4531963834805648
DT,-0.16535424116441533,0.9641909721271062,-2.0230573203555036,-2.2745629012315316,-2.593750739153693,-3.06876344014519,-2.669769198057038,-2.199589764007486,-2.0126047823147974,-1.8935973834992037,-1.4004357268054246,0.21953874259610018,1.1252709545581894
DC,0.4310753496461839,-0.04313361658543435,-2.0859456040143716,-2.3872933713343762,-2.4348604334486694,-2.445487683255143,-2.53093886931188,-2.904712951960999,-2.7017783146404177,-1.6071480145957828,-1.8776567708840712,0.6894828102262736,0.4267165750202775
DG,0.9471659371085401,0.024967143360125732,-1.854244929044821,-2.1643305340626764,-2.5339355475543996,-2.891109636900193,-2.679620917414237,-2.5804351998316104,-2.3926297392798546,-2.178246564577872,-0.9283951453199286,1.6748430970859456,0.41027467863275824
DX,0.1429683434134752,-0.6480937889311349,-1.8735916221671136,-2.4374150471136353,-2.767797244245026,-2.3506372773491737,-2.875459557222399,-2.6787911094618,-2.567541787737323,-1.2741959359976551,-1.9497733633327137,1.1871226872680332,0.9528711484049239
DU,-0.1963176377943956,0.5847937393977674,-1.5966796485817536,-2.5253646076192346,-2.7971707562827604,-2.3003554478665578,-2.6551812495792912,-2.7635884005635454,-2.49782321661565,-2.298147469398959,-2.2348355325440936,0.8114992153449343,1.1632120595018804
DD,0.5421589914856799,0.20451218905887636,-1.3875036352758876,-2.523525818658557,-2.696093262781533,-2.801861561230817,-2.48042545635958,-2.5837658485187003,-2.6190659258157645,-2.808621912937168,-2.4470811274612885,0.2629805583203133,2.0570467859063353
