,p3,p4,p5,p6,p7,p8,p9,p10,p11,p12,p13,p14,p15
AA,7.320167636,7.24661422,7.260331199,6.110860079,5.44580173,5.244965033,5.516033901,5.644994379,5.747856209,5.482331056,6.830571165,7.235255301,7.353514714
AT,7.245554494,7.267127159,7.510870918,6.564747974,6.661494795,5.282474883,5.217409965,7.123129786,7.123129786,7.123129786,6.32283844,7.160409078,7.241960624
AC,7.301259158,7.222631516,7.605705192,6.423102882,6.314480482,5.248425343,5.266996765,5.308990084,5.621091744,5.921249874,6.066381986,7.269267645,7.288817281
AG,7.132470068,7.099840504,7.248032853,5.950233108,5.68898094,5.23386979,5.219833,5.44199301,5.408495712,5.536062432,6.426919209,7.105429108,7.262179964
AX,7.018844422,7.383503129,8.535443758,6.032798599,5.788442847,5.488724239,5.2548844,5.45727143,5.8063854,6.278308417,5.950906968,7.133227798,7.068825651
AU,7.611711405,7.874664086,7.219158408,6.450960587,6.008964084,5.315300641,5.330227123,6.148837982,5.642824191,6.558193779,6.029910344,7.116699093,7.102084274
AD,7.749676828,6.986287067,6.944078374,5.8456195,5.911666181,5.53683802,5.316917087,5.836896766,5.500132413,6.589466364,5.605775033,7.200736669,7.75416112
AI,7.240317129,7.114653678,7.311912326,5.812201704,5.690645947,5.102053979,5.261443717,5.194055439,5.716553097,5.504363254,6.818980823,6.948693343,7.216795985
Ag,6.91743858,7.000512128,6.963952487,5.922218405,5.655992349,5.236048151,5.13529455,5.361795834,5.26910047,5.388896294,5.624128084,7.01497388,7.378867402
Aa,7.223974352,7.128445745,7.183096615,5.876369361,5.626663756,5.141231225,5.218977523,5.54342441,5.679809458,5.801305128,6.734199413,7.229802958,7.371953566
AM,7.268896774,7.172438409,7.225107278,6.178287875,5.748686458,5.114690716,5.137413871,5.379904987,5.367873817,5.464753179,6.558501953,7.194324776,7.380601335
TA,7.189096656,7.123129786,7.129223197,6.161836995,5.224951508,5.218111351,5.244377058,5.378301302,6.807446644,5.530126554,7.123129786,7.08140406,7.123129786
TT,7.273572819,7.095753826,6.837027037,5.677809717,5.680347842,5.208935358,5.380698587,5.636407813,6.120965706,6.477848371,6.447571048,7.169954328,7.471015522
TC,7.317298215,7.111639606,6.708902747,5.678460141,6.104447074,5.314382046,5.425452221,5.421252947,5.308921163,6.024812001,5.715154104,7.277391817,7.245717175
TG,7.155815091,7.098791798,6.611591599,6.093764118,5.362957101,5.184595727,5.318033236,5.232421808,5.500466625,5.677653449,6.430633918,7.148711137,7.248255709
TX,6.944392591,6.670672339,6.437289356,5.662665013,5.923565424,5.481341554,5.344379011,5.388404075,5.634840621,5.867522246,5.828772577,7.399132977,7.677648691
TU,6.985980154,6.72261821,6.670090385,5.599175849,5.636381454,5.360895262,5.624017506,5.732707241,5.628952087,5.733152722,5.991264507,7.879172992,7.575103947
TD,7.377446311,7.160974285,6.249356204,5.833295156,5.412134095,5.3080716,5.593154253,5.48686733,5.579437822,5.679589852,5.683527703,6.548891879,7.596054659
TI,7.373716326,7.132252223,6.750452072,6.077146052,5.425340707,5.255109616,5.169206365,5.180767916,5.501687077,6.090276342,6.444019476,7.215782994,7.212372624
Tg,7.006788217,7.137677716,6.495323038,5.789386302,5.397308183,5.257674914,5.201522676,5.308507372,5.268686794,5.40592179,5.847160748,7.115064112,7.324458232
Ta,7.185186763,7.20442091,7.035470749,6.081689281,5.275884282,5.171144733,5.317022541,5.337509183,6.110710562,5.589914828,7.401985371,7.094044591,7.246720776
TM,7.246407532,7.083766831,7.026672309,6.123411192,5.594886404,5.018903985,5.126808184,5.275884282,6.100634583,5.473590471,7.063404645,7.055644719,7.234588525
CA,7.25413487,7.085985863,6.983719907,6.411285452,6.976244642,5.214149061,5.331257762,5.421309313,5.855780861,5.691571148,6.76944418,7.289123393,7.339797472
CT,7.226295502,7.105519018,7.006013543,6.435619726,7.676968938,5.083373341,5.295564715,6.683411596,6.739547233,6.007573516,5.901375156,7.186127725,7.285378261
CC,7.141682376,7.176531656,6.920958769,6.313881684,7.07812182,5.346828096,5.219920185,5.303366445,5.355984215,6.152478768,5.74179288,7.355327865,7.379310672
CG,7.327309169,7.235795652,7.00036698,7.123129786,7.123129786,5.246691015,5.075900632,5.182715506,5.776334236,6.198387476,6.96297457,7.020767971,7.138264535
CX,7.155205828,7.018590512,6.881235238,6.264892626,6.870441456,5.515278857,5.487261537,5.37895144,5.614869967,6.296571467,5.88746791,7.128719367,7.391027002
CU,7.357126101,6.63210939,7.038922026,6.735487954,6.889572642,5.566213051,5.277476497,5.789730994,5.558754846,5.614219142,5.630896939,7.164059296,7.591301493
CD,7.684601165,7.666605042,6.583262853,6.692163781,6.155905045,5.41234311,5.365582813,5.224820855,5.534801357,5.696845689,5.495097968,6.902918964,7.445396914
CI,7.265271404,7.261805714,7.177493135,7.15545528,7.22965728,5.233407374,5.199678812,5.350848033,6.335674041,5.743434461,7.318430127,6.930534424,7.237912048
Cg,6.950837704,7.075664884,6.888845267,6.875004506,6.691355733,5.178158706,5.230392076,5.28866935,5.253509409,5.313402425,5.918403869,7.0269884,7.217518024
Ca,7.182578754,7.179491188,6.669186694,6.549171498,6.597573244,5.104023911,5.23252301,5.422460415,5.666449432,5.494406112,6.508258988,7.122874718,7.363718689
CM,7.290264119,7.193410463,6.862087551,6.605443839,6.458442075,5.060750236,5.101339428,5.315311702,5.874226167,5.446032209,6.680790897,7.322396423,7.346627845
GA,7.198211815,7.179268508,7.157559057,5.810565322,5.46738025,7.015102311,7.683426644,5.688120345,5.53611542,5.559530101,6.757256352,7.245305868,7.330370602
GT,7.24118539,7.279464573,7.320904592,6.803505561,5.94284004,6.963250228,7.536281492,5.588322184,6.300582214,6.962007745,6.17484115,7.262477063,7.325902125
GC,7.123129786,7.27452187,7.123129786,6.796962994,5.813765574,7.123129786,7.123129786,5.247210525,5.374006813,7.204860389,6.468964731,7.123129786,7.209739756
GG,7.157442017,7.254501418,7.214442317,6.407432105,6.304725021,7.422732411,5.603828609,5.227121721,5.309003867,5.739803822,6.027905081,7.185097952,7.219455473
GX,7.394808633,7.233361312,7.579740638,6.84210833,6.036001983,7.056074575,6.276615222,5.426741908,5.574051568,7.440919992,5.956762712,7.030369418,7.259781529
GU,7.151578197,7.832182094,7.352364664,6.468979827,5.5525989,6.440507561,7.213776984,5.655973472,5.570104122,6.53886289,5.750426442,7.181506061,8.236836957
GD,7.498761801,7.840350075,6.49675679,6.13766874,5.448702885,6.387253291,6.755690312,5.397507085,5.433903127,6.008556553,5.490897544,6.922042205,7.444081904
GI,7.300322874,7.342769924,7.124242742,6.399106236,5.99746098,7.699927817,5.744366203,5.504486694,5.203366718,6.240345211,5.979492649,7.151386419,7.253475238
Gg,7.0785706,6.967054198,6.864782603,6.108106165,5.370929314,6.39741171,6.579102315,5.424213589,5.28352295,5.369334127,5.719620283,6.992264807,7.468580043
Ga,7.258476787,7.357720871,7.31569357,6.110137697,5.287701052,6.737830428,7.509919699,5.590439853,5.632207891,5.600522313,6.79997398,7.205795047,7.42331772
GM,7.119876223,7.2486192,7.271034314,6.180346769,5.340615661,6.100547546,6.896289202,5.203366718,5.317750513,5.735923685,6.512421233,7.409495781,7.174373215
XA,7.456679277,7.123845798,6.384830267,5.731615446,5.310090173,5.513396227,5.473205468,5.648875042,5.927867362,5.678217692,6.532839367,7.221065287,7.94584646
XT,7.457288372,6.811176451,6.613357192,6.180871086,5.931819337,5.406356693,5.403903456,5.652187458,6.304366913,5.668153806,5.901781583,7.330949002,8.343889382
XC,6.931008105,6.749879087,6.465330176,5.814130532,5.886100173,5.501258211,5.449479541,5.372354926,5.503128926,5.828668724,5.741243438,7.076205637,8.304084851
XG,7.071512468,7.323266342,6.774269599,6.461204435,5.447665463,5.358872779,5.224574646,5.375267691,5.691157758,5.861576988,7.201911875,7.144895016,7.857726752
XX,7.18406295,6.92408567,6.625819614,5.776995315,5.906125989,5.453179784,5.452996339,5.417609234,5.575949103,6.181980309,5.760327756,7.951063772,7.333796477
XU,7.509195483,7.574629894,6.675182753,6.055606182,5.605802066,5.415942353,5.164639014,5.716892425,5.669785789,5.477766103,5.766746253,7.868243647,7.227251229
XD,7.145968012,7.607266289,6.402325436,5.921564044,5.611627375,5.4182587,5.395895124,5.404500206,5.395874556,5.697042811,5.431476355,6.943725341,7.52791941
XI,,,,,,,,,,,,,
Xg,,,,,,,,,,,,,
Xa,,,,,,,,,,,,,
XM,,,,,,,,,,,,,
UA,7.728070929,7.275056246,7.230186273,7.007895771,8.202947458,5.513420617,5.238925599,5.446588717,6.794058996,5.80210012,7.661365948,7.176841902,7.995500094
UT,7.064824039,7.414200773,7.025713296,5.893430493,7.584061499,5.375278408,5.566344705,5.629377768,6.060243762,6.414202827,6.053258734,7.552444325,7.22043136
UC,7.206513754,6.909564502,6.744025195,5.725184489,7.47547082,5.48808323,5.57203836,5.457453315,5.616447026,5.675056187,5.745053547,7.914005347,7.421905982
UG,7.727557039,6.784272117,6.403782479,6.923702248,5.746198087,5.412561985,5.361115803,5.480326326,5.474507735,5.641277934,6.079721074,7.638778796,7.377292675
UX,7.032199913,7.340073965,7.152020132,6.081749559,7.672435481,5.325443074,5.37274284,5.55474415,5.902009606,6.027072247,5.776985717,6.915585643,7.308614796
UU,7.262226172,6.863659242,6.696096011,6.210273363,6.518494239,5.463822828,5.347719401,5.590290349,5.494861785,5.81455361,6.051754109,7.197706725,7.334816539
UD,7.238166695,6.99746604,6.816586501,5.949661638,6.164322099,5.529397592,5.412561985,5.492756519,5.363502442,5.616533024,5.693034444,6.5529808,7.071721791
UI,,,,,,,,,,,,,
Ug,,,,,,,,,,,,,
Ua,,,,,,,,,,,,,
UM,,,,,,,,,,,,,
DA,7.182417644,7.218709745,6.20151824,5.680900102,5.574828703,5.406920346,5.284323348,5.620164515,5.980255462,5.815434244,6.326123871,7.765624112,7.30449763
DT,6.956840594,7.560801516,5.818464556,5.654228227,5.505298486,5.116827118,5.442183402,5.573907521,5.74031476,6.20757892,6.212995501,7.183050873,8.080086333
DC,7.462792453,6.956861896,6.152350022,5.638601566,5.620394302,5.546038824,5.549068515,5.366870489,5.470147678,5.950639162,5.917721826,7.458520625,7.228581686
DG,7.666127033,6.929991421,6.051737488,5.678393071,5.457398756,5.21456641,5.42052521,5.446588717,5.601567053,5.737237827,6.459106651,8.095945844,7.255447617
DX,6.980756926,6.840628309,5.875616726,5.509314572,5.339936166,5.582690074,5.352183716,5.460896605,5.402636799,6.242232728,5.865889915,7.742587353,7.729688861
DU,6.79593094,7.245105825,6.013640426,5.455266324,5.361248081,5.634732202,5.432767641,5.241242856,5.529397592,5.570249268,5.68777334,7.580003724,8.1931472
DD,7.403243205,7.161141791,6.234287681,5.505860042,5.36363409,5.327864386,5.552929538,5.448869413,5.448832412,5.37502114,5.568955982,7.258363299,8.363480354
DI,,,,,,,,,,,,,
Dg,,,,,,,,,,,,,
Da,,,,,,,,,,,,,
DM,,,,,,,,,,,,,
IA,7.215260391,7.1582009,7.311756833,6.063458794,5.372785799,6.776769964,7.672946813,5.794528585,5.342765057,5.656590416,6.550527418,7.363616658,7.266964102
IT,7.296476314,7.332219718,7.445172973,6.688112919,6.072651507,6.088110493,7.496632476,5.675851719,6.183254467,6.612266504,6.490220304,7.22615057,7.240037787
IC,7.264218245,7.36466352,7.371496054,6.648696017,6.198243082,6.908568682,7.028156198,5.401677235,5.255427261,6.78300753,6.320289427,7.281291134,7.244830209
IG,7.221504845,7.218340573,7.370012325,6.961674543,6.364796277,6.527728591,5.422817823,5.251910428,5.55984306,5.789209739,6.184722546,7.20523267,7.27344373
IX,,,,,,,,,,,,,
IU,,,,,,,,,,,,,
ID,,,,,,,,,,,,,
II,7.241784772,7.130301742,7.332056487,6.780631107,5.957938788,6.872291578,5.648372444,5.263920065,5.447397796,6.034282925,6.328656728,7.172033822,7.214019692
Ig,6.972781587,7.078462041,6.957752994,6.473712254,5.688687545,6.061129842,6.482460398,5.39872482,5.32498077,5.357490976,5.721270014,7.056508095,7.260808537
Ia,7.15482731,7.336010406,7.236100692,5.999177707,5.375906084,6.898323834,7.694489946,5.781556458,5.713351841,5.514049404,7.035780313,7.246759618,7.341329617
IM,7.110428967,7.155951493,7.293278801,6.082051473,5.463412151,6.018644405,6.899190485,5.371034641,5.241275131,5.566712432,6.216466447,7.189400018,7.262777346
gA,7.074457654,7.02831388,6.381551548,5.799501933,5.295664662,5.240078467,5.940492162,5.625362157,5.479067567,5.406476341,6.561420137,7.271382591,7.338310351
gT,7.189881533,7.056753455,6.390374138,6.115393889,5.559850169,5.258903891,5.758029975,5.774674189,5.828611753,5.992665451,5.980732162,7.104353587,7.24870408
gC,7.135767366,7.0274911,6.249932092,6.202543979,5.500853111,5.473215352,5.584823914,5.23252301,5.294291653,6.451262182,5.772935939,7.168827913,7.240153884
gG,7.060723054,7.015413086,6.138914109,6.086315165,5.428309948,5.27932808,5.153456478,5.242385879,5.439236998,5.590475922,5.950134123,7.151926638,7.355798625
gX,,,,,,,,,,,,,
gU,,,,,,,,,,,,,
gD,,,,,,,,,,,,,
gI,7.114933533,7.035926974,6.131468512,6.009542555,5.469998246,5.13299887,5.26562384,5.161026474,5.332762357,5.749698024,6.000894462,7.225537495,7.396278768
gg,6.761316408,6.729454185,6.047674354,5.789386302,5.340641019,5.262193,5.345265722,5.236048151,5.207028099,5.39449192,5.534682142,6.930534424,7.310238704
ga,6.928451563,7.041240346,6.311527846,5.713124175,5.244622159,5.367803014,5.706396459,5.307380953,5.313504587,5.656513299,6.708409208,7.356495446,7.317701539
gM,7.068859473,7.130262623,6.496444206,5.853121093,5.253708808,5.159393638,5.390127764,5.281016057,5.338944638,5.41160988,6.292138125,7.167496471,7.242292873
aA,7.17788826,7.144472668,6.977131787,6.350177586,6.349915605,5.258856696,5.660145492,5.526634757,5.583476974,5.379916417,6.692664698,7.300939775,7.396310866
aT,7.24232802,7.415854832,7.159744006,7.026260135,7.401172615,5.149425057,5.149477553,7.124181684,7.050404993,6.90453188,6.440340321,7.241157037,7.294680904
aC,7.260250405,7.466812077,7.438400579,6.894845034,7.183986034,5.299033128,5.341894125,5.436332776,5.291545053,6.192662063,5.722866356,7.143275134,7.504265008
aG,7.276313349,7.177081457,7.254964734,6.721091115,7.015494059,5.457953558,5.171144733,5.246691015,5.697404425,6.083982091,6.071096822,7.188634487,7.287596642
aX,,,,,,,,,,,,,
aU,,,,,,,,,,,,,
aD,,,,,,,,,,,,,
aI,7.307014505,7.180101169,7.297348769,6.211127003,6.230490107,5.326411729,5.192137269,5.322747728,5.481540762,5.733786706,6.726543846,7.2434351,7.158193464
ag,6.980005651,6.910046557,6.847011256,6.306416144,6.467090143,5.332451551,5.193663238,5.217804655,5.326569661,5.302428016,5.562972614,7.094706674,7.436073109
aa,7.126394436,7.088912892,6.868112639,6.312974643,6.298142509,5.178450587,5.373890695,5.548890121,5.404483648,5.429750815,6.545418034,7.310055972,7.464522889
aM,7.173428728,7.129487642,7.065471816,6.419808223,6.639803767,5.101839755,5.100073753,5.267350758,5.367979997,5.432496841,6.505137688,7.300522013,7.312282508
MA,7.230093887,7.187107891,6.715701884,5.747983892,5.019259432,5.184586157,5.464593237,5.731538192,5.741597084,5.652567728,6.876964257,7.48575187,7.406700715
MT,7.260894644,7.152042466,7.313252905,6.325781359,6.391665183,5.167828582,5.378444765,6.084017751,6.997651757,6.937515673,6.364108127,7.136004855,7.223680139
MC,7.269333301,7.106473376,6.909810024,5.956144142,5.508187631,5.122503925,5.473590471,5.324623837,5.3884607,5.959677947,6.122957786,7.275489876,7.509796604
MG,7.150000603,7.150532006,6.958705369,5.880769121,5.509241339,5.242911321,5.1691665,5.23608992,5.510377195,5.459100745,6.606436004,7.154116104,7.241045496
MX,,,,,,,,,,,,,
MU,,,,,,,,,,,,,
MD,,,,,,,,,,,,,
MI,7.107766452,7.196165002,6.981429442,5.772923783,5.413026518,5.192821438,5.143061517,5.453927286,5.567918403,5.382820001,6.840487252,7.153757112,7.250998681
Mg,6.9862721,6.847157163,6.652554995,5.836638257,5.442051225,5.282474883,5.164816005,5.488787774,5.226042457,5.332840019,5.757418411,6.969087147,7.249312571
Ma,7.372220355,7.037023397,6.731179378,5.761440787,5.331932975,5.118651623,5.414218679,5.555171715,5.520548144,5.554991724,6.516234631,7.280682007,7.42615338
MM,7.074133232,7.14249643,7.031540441,5.950935415,5.391942585,5.244965033,5.16529963,5.395798551,5.455292873,5.497398187,6.486091269,7.201098532,7.259686802
