,p1,p2,p3,p4,p5,p6,p7,p8,p9,p10,p11
AA,-0.08759957455673906,-0.22543919960431058,-0.539563538265833,-0.9821074057108836,-0.42090633612640627,-0.7138151334999181,-0.9965885901652012,-0.7172048622100657,0.002913527316657394,0.04489500856771578,0.29461835171556405
AT,0.0,-0.27284001755959153,-0.43179744717142476,-1.2061022644473631,-0.6956977969725253,-0.24251337328949596,-1.1063056167734793,-0.6208518320315832,-0.2833200569680443,0.0,-0.017454705134868576
AC,-0.12819044747101938,-0.22048191639823145,-0.6982718441725488,-0.8899701582815362,-0.30135353910590634,-0.3813590826151785,-0.84249810050978,-0.35219222661193683,0.11270873492156497,-0.19544678838905583,0.04866827364661663
AG,-0.05597631962974514,-0.3867042562061842,-0.43894875464486116,-1.0928807954686768,-0.7259277500606052,-0.7013333129282904,-0.9488309338534355,-0.8706364559732096,0.009681132000330273,-0.20095177914571227,0.11179285348991108
AI,-0.103795179556875,-0.48313408683913295,-0.4868832190360681,-0.9512917603787994,-0.6878098893328009,-0.5482165747557923,-1.0748032019523155,-0.81162474119468,-0.31551067752450557,0.01137808362473347,-0.03303062109839772
Ag,0.10445101032737636,-0.1595367967235113,-0.5608226152636258,-0.712098645530796,-0.8275616048694072,-0.7856738425615033,-0.892829770700228,-0.6251935090226448,-0.2504042381890823,-0.19096706204168612,0.05951296126325012
Aa,0.03430370793392079,-0.05239662196316264,-0.3315861337931896,-0.8258282519878009,-0.47582633159397325,-0.5021140762405532,-0.7831798874409177,-0.34558093951769475,0.20285106383567708,0.08027491515876939,0.3485034222038168
AM,-0.188555002624069,-0.37254308296549965,-0.6253060020203902,-1.226218487112197,-0.624220845389063,-0.8694251891917535,-1.1383803240381614,-0.6554027490072496,0.019345447674641747,-0.19292855767850092,-0.09543294072805786
TA,-0.1778522989523248,-0.347760787487462,-0.28029893647914417,-1.1211299637345444,0.0,-0.8173297848848131,-1.1160146597020306,-0.38530714480816997,-0.22420132089317413,-0.2077114617784952,-0.16398450175539203
TT,0.18810214375138923,0.0694260178594801,-0.538688039756412,-1.1245407130219114,-0.39209265622878586,-0.8314207750424565,-1.0820114874747624,-0.8602733326955212,-0.2276485849151788,-0.00020518708083017145,0.14287592843944275
TC,0.2690587371417301,-0.0834640957663435,-0.26754995233957857,-0.8034045280147826,-0.09721369444866212,-0.7251076528819826,-0.9132380119929966,-0.5337140127442455,-0.24857671465217024,0.0867779792414014,0.14730886318227476
TG,-0.06468056071303518,-0.19595054919218846,-0.2148398450052431,-1.0982579924342781,-0.5846151300601559,-0.7742430880380153,-0.9109683481630846,-1.0092753798172218,-0.33918358437491314,-0.07937654300052888,0.2551558955577331
TI,0.22092903143766307,-0.3216279124487418,-0.43145174130336983,-0.9797807408062802,-0.6273343409608971,-0.9002716628602023,-0.6220000140113013,-0.7104027921497016,-0.3421197851645914,-0.03319157801945227,-0.048745928407688766
Tg,0.2516015381967991,-0.25162404052023923,-0.4325330308075408,-0.800533568179441,-0.4718487975254222,-0.7311278462906348,-0.8904602554477954,-0.5780940531706413,-0.2401524079778845,0.0076951865987995305,0.1702210878531787
Ta,0.3900057738849032,0.026949090467994097,-0.1788206851479579,-0.8566860353057502,0.12460783194898806,-0.7618870279619152,-0.8527408691010478,-0.2606542102704079,0.05385103512043887,-0.0018701275589361188,0.3434763072520717
TM,-0.10370333844112167,-0.4010333158042432,-0.5245355290045062,-1.1315380222789537,-0.189096867619849,-0.9856824459923104,-1.0902055429698638,-0.7005634467291912,-0.31929097732229117,-0.1854744780291533,-0.00329781905298443
CA,0.276652970942294,-0.3060085243705828,-0.37316300874892505,-1.0664927102841055,-0.3699700629514755,-0.9309053069737807,-0.9673318616081765,-0.726850132281565,-0.09127949966065518,-0.07403583639405831,0.18463346364473665
CT,0.19871425030112988,0.01540971848021222,-0.273231193911057,-1.0097307219336003,-0.8146279543006054,-0.9522948843663954,-0.9968987272431242,-0.8891903815311526,-0.14556818172181174,0.03669923439544931,-0.016795315820296253
CC,0.022027370468448382,-0.029648580192254137,-0.5780932003637407,-0.7215087958863622,-0.6128789438630768,-0.6980179220520331,-0.8422320580912057,-0.5320532288001143,0.0794216547551514,-0.03604969865882346,-0.10266251735374698
CG,-0.0099093644244439,-0.4633705749951158,0.0,-1.2139680683716856,-0.7665940938626328,-0.9619587636101663,-1.1006485464856821,-0.7364185840056141,0.0,-0.1297487101946624,0.0
CI,0.018293738665713377,-0.10636823204078372,-0.05737603781818912,-1.0504721176792344,-0.7183419171022152,-0.8374937083131222,-1.1086607645475066,-0.7955902638965355,-0.17163107903607777,-0.03597431662011452,-0.23536394145400052
Cg,0.11207619006715319,-0.2519379909871011,-0.3410904623966253,-0.9104762324366469,-0.6762025104390457,-0.8526705063357136,-0.9534638310627006,-0.7692060445149425,-0.34171920258869015,-0.18562160249206627,-0.08819608076200858
Ca,0.4164619055528487,0.09673527504709156,-0.256438746197432,-0.8051574561376915,-0.17804608615184936,-0.8469256903433982,-0.8829511144694937,-0.4288907371845614,0.11044289095401894,0.09384364592237127,0.34553561568113356
CM,-0.08183363415718325,-0.35220246699635993,-0.7246766955124162,-1.0689574595730917,-0.32018584579568277,-1.0235128084748037,-1.026123661241252,-0.7660030741787196,0.058302725230767294,-0.34770439103100514,0.16537981877286612
GA,-0.05508203071876849,-0.12356779199425194,-0.22669973200172144,-0.24114874974301514,-0.40187320208835153,0.08807975460655193,-0.027651989360998108,-0.6412874632872354,-0.22504688221766145,-0.15650104569178147,0.07270542537335256
GT,0.028071831517724632,0.0375490550333657,-0.4357850716502991,-0.3264467815919767,-0.6763593033716386,0.0461874104923119,-0.295572291077292,-0.8710245379481529,-0.44859831824912,-0.35583713421005125,0.0335828518713015
GC,0.05486774374125147,0.0,-0.2861170380999791,0.0,0.10582854616100867,0.0,0.0,0.0,-0.4487166605128028,0.07475690838272797,0.05109981293942489
GG,0.10405274426626399,-0.21441374757335474,-0.2428229754602711,-0.6944287531390412,-0.7648380449681964,-0.1873155408860656,-0.717713211071386,-0.78159182732223,-0.03513079682909659,-0.03556109959059128,-0.007893509622324935
GI,-0.07578431760898319,-0.2507710867634776,-0.5282437383295289,-0.08000672726337221,-0.4767408322308828,-0.12125747649164786,-0.3583648473243475,-0.7268106558949459,-0.1798094035756641,0.03591763786389901,0.1636637066995732
Gg,-0.041357156155301666,-0.14732562948745098,-0.4672743004388682,-0.38150976531108505,-0.4255147795453862,-0.5245683761028506,-0.48534144782519917,-0.2953727453256807,-0.06874953340999479,0.09989504666409132,0.11151452048614541
Ga,0.22677129840116805,0.026703669463463697,-0.24476134185072507,-0.4022827620354601,0.2101175515170901,0.015459834948972073,-0.1492393259349356,-0.24188629481438362,0.030551316317319888,0.08226319458030762,0.36416432634781515
GM,-0.2190877840772849,-0.14339281555104844,-0.46052624831086497,-0.4140282122841681,-0.5470217044210202,-0.3382871283338904,-0.13520873509357223,-0.43115823751851234,-0.40090993139955877,-0.08006784781312515,0.028014865150845836
IA,-0.05461488533442882,0.07741800372472873,-0.45391964870121626,0.06806791025030545,-0.12123209220581188,0.10663312452549611,-0.11593970070587556,-0.5009537897757292,-0.3089839068633031,-0.15018903393410987,0.040368052968364765
IT,-0.0848799514517351,-0.0028012253711127144,-0.5753918016171244,-0.26649885868842915,-0.7897956844404703,0.16101385360737552,-0.25953021518867025,-0.8047814497428769,-0.162828664566673,-0.00786624873652464,-0.08516265595149974
IC,-0.10061291182338916,-0.08520429687891884,-0.48384668267551767,-0.047700969975704055,-0.28435066403067033,0.07057694803612069,-0.10110466309816424,-0.04711408126932071,-0.1342465830361519,0.04277636447320976,0.12676312141474533
IG,-0.0728717656983413,-0.3252465173050032,-0.47502756990829553,-0.6752008460612071,-0.6431316416259474,-0.3147214564357048,-0.6324930529332509,-0.803891622037531,-0.10261496997968145,-0.21877070591083037,-0.016301552245059803
II,0.11380264737511592,-0.032983003716877235,-0.3379713912317559,-0.08275261443541027,-0.6508033016340189,-0.2251674218172912,-0.30899021742293975,-0.7683358146621666,-0.1908122753261452,0.10713624836870572,0.1794506066627246
Ig,0.09281822809668583,0.04152294525690081,-0.44572125899228254,-0.13860316095867375,-0.6647685278203932,-0.4837265895432239,-0.3503062605009202,-0.6708748833744647,-0.06152280185902459,-0.07691363189575995,0.15592367863240497
Ia,0.17984683714225014,0.09299428741291216,-0.18155031326825366,-0.12795826914699582,0.058951772385146484,0.12252229174501217,-0.2039992530810224,-0.1307962679545156,0.003201356279287637,0.11367178974091896,0.2928893553444851
IM,-0.1001725692981843,-0.07394075980325088,-0.730636557266438,-0.28180582665338516,-0.534597812830409,-0.3187069135588452,-0.05229246857768466,-0.5622763131274793,-0.2586820308516362,-0.11376607200987898,0.2533505851351361
gA,-0.36755413031623263,-0.5579056480168063,-0.7561474556091206,-0.9915690670575774,-0.5896150637824507,-0.7613018186519147,-0.7567860207246646,-0.7653077085850155,-0.23242681772824092,-0.13157845679084534,0.09008725491976133
gT,-0.24779470988137398,-0.3975834541112597,-0.7934512029746221,-1.0044848730461968,-0.81441172737168,-0.7698007557910689,-0.964921736830358,-0.6883762665332913,-0.2857969992954157,-0.1292894640458595,-0.04861286995775238
gC,-0.018413320144203382,-0.4246833042900455,-0.6740158052709457,-0.4176187575204606,-0.6022752269322798,-0.7255081031582629,-0.7352898666889791,-0.5316029401596776,-0.21164506629556,-0.2526197930351888,0.10362382152345262
gG,-0.1570032757737838,-0.6148423032483024,-0.3555597354637019,-0.9664564326514515,-0.9282542722701042,-0.8159959549921068,-0.9880100234094735,-0.6743722564116954,-0.15412014007081432,-0.22312518855960306,0.1975697073103504
gI,-0.05185446382900505,-0.5649097877794897,-0.758964394626652,-1.0152201112407768,-0.7484725471095626,-0.9223857351204732,-0.8525657909285584,-0.950282311970513,-0.14897157040685371,-0.016003161782351505,0.053353862590376444
gg,-0.26089649942976134,-0.4929888927483397,-0.7603334255895575,-0.7410697394419312,-0.7337507785267885,-0.8938443730742378,-0.8901333449107245,-0.7011245676460156,-0.41584112709146837,-0.15590643507038315,0.12215751537145358
ga,0.056212622161268655,-0.4147810495192843,-0.6708837271205912,-0.8055626037486778,-0.3619875983190797,-0.7692176422637669,-0.774823635902381,-0.4806712783406333,-0.17508294412392988,0.013985121190907002,0.34829773041630396
gM,-0.5680702900200387,-0.8146203565877155,-0.875232986877176,-0.966745018066101,-0.7990313585441582,-1.0479412471227407,-0.9337186325909794,-1.0709990802817693,-0.29015611604829594,-0.2723498501704391,0.03376440675997561
aA,-0.19570891766563214,-0.508148332225157,-0.4958177577220777,-0.9578634668528245,-0.6009760657790038,-0.6925917329970357,-0.9049841534336691,-0.6066818655700388,0.13163548209616582,0.25093279123597423,0.32735037905116293
aT,-0.07687806988113088,-0.03474584328759356,-0.14513387603875927,-1.0700872522352691,-0.8335534576210755,-0.7215487508096148,-0.9721169528554974,-0.6147590111204337,-0.16913626823382266,0.2476519449631045,0.04642805577144138
aC,0.007052272055972253,-0.15207257751562953,-0.5269167960267485,-0.3150697000559859,-0.8002464051671732,-0.4919730020021724,-0.762363350052067,-0.4062835781518821,-0.0803018987542714,-0.15050121896841073,0.1603959688857266
aG,0.003987123542273707,-0.13791188034231183,-0.17778746562107273,-1.0464926726329065,-0.8837354053290429,-0.766043480397566,-0.9096652275606125,-0.7185776279458995,0.028362610573043234,-0.1171315648724418,0.28364253237256065
aI,-0.2686920558795034,-0.4295875611185904,-0.1712512285235972,-1.0914678818744665,-0.9881361722773327,-0.9309398288809936,-0.9816899945815152,-0.7301855333768676,-0.05502081824521099,-0.07314859696984755,0.06486729710942107
ag,-0.07968403691412362,-0.2993948025158719,-0.25189341265543064,-0.7371063169638603,-0.6692452494307402,-0.8416138284799501,-0.8539357912702155,-0.6171047439664985,-0.07661672396450392,0.06745971785379012,0.44677099294819733
aa,-0.11242967033643758,-0.2150841484573034,-0.35213276936814,-0.8715229675208356,-0.3703794701340435,-0.8995779051078436,-0.6477858416833246,-0.5025980425150252,0.1262288250292043,0.42446991509176435,0.6353242194858542
aM,-0.2230741813041206,-0.5726331553868285,-0.6118392262886232,-0.9851708422072161,-0.8091922137520937,-1.0520615402512323,-0.9061154410784527,-0.7594660226898,-0.026621877416530992,0.14637197826617143,0.18987009587134018
MA,-0.046081733713704054,-0.28885946617656266,-0.5639689946573592,-1.0545987639472605,-0.5109298239077678,-0.466316418262422,-1.2740659191187733,-0.771649789290068,-0.28879838012765013,-0.08219530774711359,0.14577930491796387
MT,0.29874707459839733,-0.19507060997012715,-0.25143937011807793,-1.0540808844723895,-0.7661351617431258,0.06119131516223497,-1.126716614033608,-0.6559590799477331,-0.22656376380124055,0.06674083093534655,0.12170224349483405
MC,0.11389184390471119,-0.18032809865959454,-0.5964351600516213,-0.8614058319125864,-0.49612856333172406,-0.47212697106263946,-0.9411967153552991,-0.4980382564621877,-0.1294121743920824,-0.17021276488971893,0.11569168223848703
MG,-0.04842574218643847,-0.361965016997285,-0.31909108735831815,-1.1274169485136571,-0.557645318356597,-0.46906282715393566,-0.8819417925309372,-0.8964868669328876,-0.13708280420895935,-0.14968840594890942,-0.10331039992644797
MI,-0.011501997962701793,-0.6557723091201844,-0.273183947386336,-0.962927302483445,-0.4249173011188656,-0.3336203807040805,-0.8848394521211986,-0.8457455324391727,-0.240696514615788,-0.2657743439457185,0.0762110260545219
Mg,-0.012821796160913834,-0.34813356040206056,-0.4552709859192223,-0.8384815905866061,-0.6938793077796701,-0.5912611608390055,-0.9380019930497436,-0.571828964293843,-0.19589045521425952,0.08664729136779492,0.19519525429238094
Ma,0.2253031550374054,-0.0883320422483429,-0.2965093246601196,-0.9144375400097218,-0.13739737721199585,-0.4806653080457908,-0.8128492884261949,-0.4514536649086178,0.0516373926080842,0.2553231177762445,0.4085677362512854
MM,-0.2983940776675915,-0.5157882304329071,-0.6598080321381632,-1.2008396154837229,-0.49554016517268895,-0.5504515853227225,-1.0021130684232098,-0.9348062998056745,-0.24727161787998497,-0.3312845336002255,-0.05032858281033725
AX,-0.33665391747626394,-0.7152329817929566,-1.6905700420533627,-2.1812833886777163,-1.5863594426786314,-1.1563104550126546,-1.8619762117622463,-1.657344666982322,-0.6661925836234772,-0.25375234869220975,-0.011268844916402898
AU,-0.11448394749184487,-0.4392836568374392,-0.9218648497314863,-2.2406442395617896,-1.3239484829817627,-0.5780084299700938,-2.2656965525770607,-1.395134671678961,-0.4699692240945623,-0.3878934178447455,-0.103903638766905
AD,-0.1924301059709297,-0.7378021359023297,-1.9593234772483692,-2.2770376362031017,-1.6270701742404423,-1.674662044990595,-2.61478036358141,-1.4419243010609568,-0.4477891619257477,-0.07386735494403673,0.10712961593286607
TX,0.06292758038733481,-0.5587811149341722,-1.3536994217878613,-1.9111640363413267,-1.202926968384899,-1.58474966808783,-1.9628860729467288,-1.9885300540932374,-0.7391085731015039,-0.10038341502942316,0.20670141095041394
TU,0.025754983693275335,-0.5371110118767088,-1.5001507513765189,-2.1161417786927252,-1.8622689221084272,-1.8740655588495612,-2.33092838534173,-1.9129548094352424,-0.6752347347076526,-0.3750697264799232,-0.07362946924899738
TD,-0.1624444593792802,-0.8168914434876147,-1.511705131749948,-2.3236581334435353,-0.9584557168011028,-2.2568203885633213,-2.230964574865258,-1.606789629798837,-0.6946663438259506,-0.26717577114777136,0.3789738104727718
CX,-0.17190092033801285,-0.30646569105105215,-1.3430068672733695,-2.000534276046567,-1.7233968658700878,-1.5977451284276407,-1.7030140124404474,-1.6796192850476501,-0.6142926749094269,-0.02264381462731535,-0.16354803057851264
CU,-0.02890940415074361,-0.6931575441564597,-1.3789377214145233,-2.078580202983643,-1.945823338203522,-1.8991842288196077,-2.4023159441685245,-1.7362812130048892,-0.34249095281886177,-0.04182706253239665,0.15074570811175114
CD,-0.13630859592516487,-1.0694479081628394,-1.196100836958438,-2.1829352850875727,-2.0253545501621426,-2.3697434042895322,-2.2628888756050776,-1.7319049666817188,-0.12109281564129937,-0.20236453833041956,-0.06807748301508632
GX,-0.08567173016019858,-0.10247144326441315,-1.1340042107993522,-0.159099701470776,-0.7825706047434728,-0.3596461995583926,-0.13323290464576054,-1.024505494594008,-0.5081357207118504,-0.11525618862313891,0.08508189437520919
GU,-0.1300989817636875,-0.4057723167816949,-1.297883851735774,-0.9531831787661194,-1.8293984570297814,-0.12046430151339749,-0.7536874946232395,-1.4580688363274472,-0.5612573276325019,-0.3135972309469395,-0.10735911946927601
GD,-0.17222585598933726,-0.5510750135463791,-1.5466700660176027,-1.2495576671769584,-1.3240173633220325,-0.817110061113663,-1.1518191366192525,-1.1049505589471824,-0.5749550455130965,-0.38182439959519776,0.01882083446341376
XA,-0.013443016554553822,-1.22941013810593,-1.6791604647401268,-2.3615753447135175,-1.3704588456896412,-1.7562462901737748,-2.2514052629082197,-1.9454290945483903,-0.5700467875646886,-0.4240997233945194,0.05989376013646819
XT,-0.1737837797672821,-0.9146732609535864,-1.598416961987006,-2.214584683505193,-1.7609538565901186,-1.7955170207229019,-2.2551639549882694,-2.0855288581001856,-0.8560261954891892,-0.1389567888863894,-0.206772250561853
XC,-0.04544558731880244,-0.7057287159598111,-1.6839569274133384,-1.6595909137752214,-1.8105751265053263,-1.2343125375321709,-1.7126630382160446,-1.3361662021632021,-0.49512718714555604,-0.3198711418818352,-0.09587326044204225
XG,-0.14785997592117894,-1.1438246103201024,-0.7173476237968277,-2.3557455558536002,-1.6202096015667005,-1.610438521900602,-2.2823028533684004,-1.838639452230736,-0.3958581501957621,-0.5075960348868129,0.09951532150722642
XX,,,,,,,,,,,
XU,,,,,,,,,,,
XD,,,,,,,,,,,
UA,0.034320511570316015,-0.23863669615527172,-0.1716661741390979,-2.276057556745706,-0.500486308746737,-1.8611433646084103,-1.9580693144759005,-1.1713027926917015,-0.34953376339189646,-0.30761568734960676,-0.047164966820556486
UT,0.13177798303632393,-0.1040920557165741,-1.0109446057412743,-2.3046417923481295,-1.326403351267996,-2.0622203218267963,-2.1208159855500677,-1.9406582917479458,-0.6346548053393732,-0.08059050022612801,0.04168208512242799
UC,-0.037096875629995196,-0.1968986250679432,-1.0659325176575791,-1.5733376728925963,-1.2382192642178786,-1.7459010715898016,-1.6819409705025405,-0.9828035863364608,-0.6310886177520949,-0.2256126057290846,-0.044913754755901536
UG,0.19890464850494993,-0.4422076318723196,-0.36287837749871343,-2.215035916245051,-1.451848224623829,-2.0227190571710327,-1.463889712165848,-1.9477047012661055,-0.674036734272029,-0.2491607698451226,0.3524808599304716
UX,,,,,,,,,,,
UU,,,,,,,,,,,
UD,,,,,,,,,,,
DA,-0.39224225685066294,-1.267678463734585,-1.9225754534327217,-2.562925529025711,-1.8560080562351366,-1.3327131546157753,-1.839097689878372,-1.648756049694228,-0.35648496381165984,0.12454424508513462,0.21283989232413347
DT,-0.3582055702361071,-1.396027655043171,-1.9824320782959735,-2.318297761098358,-1.9970431049946118,-1.6536055632690685,-2.151251925604271,-1.4470142611153385,-0.49290344582839296,0.44009697081500754,0.19094780038682302
DC,-0.616787790585926,-1.1018370977677794,-2.0174937606146663,-1.8202370539182287,-2.123710996142661,-1.3835802364979823,-1.6202157608825116,-0.9185743799673958,-0.5666380927331343,0.06785447303747105,0.1842667267558511
DG,-0.5178145733491704,-1.4096518116082235,-1.3977696730966418,-2.4868040942696394,-2.2980390859662885,-1.7296807311881501,-2.006386625154205,-1.7272116637798796,-0.30708053030910776,0.06143673807538441,0.42822962424038913
DX,,,,,,,,,,,
DU,,,,,,,,,,,
DD,,,,,,,,,,,
